{
  "input_size": 126,
  "hidden_size": 128,
  "num_layers": 2,
  "num_classes": 4,
  "class_to_idx": {
    "выходные": 0,
    "любить": 1,
    "осень": 2,
    "no_event": 3
  },
  "idx_to_class": {
    "0": "выходные",
    "1": "любить",
    "2": "осень",
    "3": "no_event"
  },
  "best_accuracy": 97.5,
  "scaler_mean": [
    0.4817729845793295,
    0.5253236562050133,
    5.573324733800119e-05,
    0.4799532744697341,
    0.504761378415918,
    -0.0023868567134929836,
    0.47682217675794136,
    0.4852002459019962,
    -0.008550611193290387,
    0.4728025302162362,
    0.4724281063086764,
    -0.015610130217545797,
    0.47074404069151626,
    0.46380770831775775,
    -0.022131131792951522,
    0.4761928721642239,
    0.4650171323106896,
    -0.009479338706749415,
    0.4698678746115534,
    0.45519294997168724,
    -0.023915921377374708,
    0.46895788308013814,
    0.4553194236697874,
    -0.03386353890791946,
    0.46839010019380595,
    0.4546452942578112,
    -0.0389476988244847,
    0.47459806960657935,
    0.47084183466222657,
    -0.015893739664679635,
    0.46810048990752817,
    0.46155332669177235,
    -0.027772988096290745,
    0.46892993970443425,
    0.4589102701056032,
    -0.032864743744842946,
    0.46985429527822914,
    0.45380861184906657,
    -0.03584363133503204,
    0.47212301523270556,
    0.48114392698882,
    -0.02322598985553683,
    0.4655979934379202,
    0.47313671784326733,
    -0.033137872885844494,
    0.4666126837273224,
    0.4712593017560744,
    -0.03341606527803132,
    0.4678607347807918,
    0.4665429952516224,
    -0.033402685088345666,
    0.46983305226430117,
    0.4932599760532084,
    -0.030676929868587235,
    0.46433658650399373,
    0.48822524764712627,
    -0.037706835816049854,
    0.4644525705100066,
    0.4858045039356473,
    -0.036587673949313546,
    0.46506965980521925,
    0.4810506926827369,
    -0.034786436559463965,
    0.1788939732562297,
    0.20261363628897033,
    -1.0710414240347418e-05,
    0.18003943779776793,
    0.19727406120671848,
    -0.0018469638250992741,
    0.18131814247196684,
    0.19345182363340035,
    -0.00395106328542981,
    0.18223546764979665,
    0.1922095913654215,
    -0.006141646210818828,
    0.1832906666492645,
    0.19183305123624808,
    -0.007940511292512793,
    0.1810247321037171,
    0.1881035378133003,
    -0.0041811386121847665,
    0.18317908740716277,
    0.18854762289821303,
    -0.00878308652604941,
    0.18380889963582503,
    0.19111453729336894,
    -0.011476632606421061,
    0.18349795496388893,
    0.19254587448605617,
    -0.01267738847909566,
    0.18039872008343177,
    0.18974385274869413,
    -0.005354897471259953,
    0.18192218692753467,
    0.19189698302448274,
    -0.008696334269490796,
    0.1811052631076719,
    0.1937855043545333,
    -0.009680464794798548,
    0.17987311468421416,
    0.19432099401258904,
    -0.010209297871797885,
    0.1796198342709676,
    0.1933704640224702,
    -0.0067374812207207846,
    0.18054022867921643,
    0.19519133371590308,
    -0.009550472026901803,
    0.17872782237555818,
    0.1968909631695405,
    -0.008827311065684317,
    0.1776763856472175,
    0.19727717589522106,
    -0.008515616278518757,
    0.1790347868308681,
    0.19723867833931286,
    -0.008414362901611646,
    0.1795613969521193,
    0.19863117323801102,
    -0.010102621314256563,
    0.17779341413372668,
    0.2003709114340843,
    -0.009147848941368896,
    0.17630261661456334,
    0.20044999910690253,
    -0.008155105270727877
  ],
  "scaler_scale": [
    0.2026254131734975,
    0.2067624804881176,
    0.0077167259536584645,
    0.19585823841195343,
    0.20537981670884833,
    0.015734316192364418,
    0.1949950126572623,
    0.20688450720829782,
    0.019215587761440608,
    0.19675034539801356,
    0.21078788509493535,
    0.020874255976800662,
    0.20048580441063665,
    0.21485477169633116,
    0.02358868934292092,
    0.20332879292980324,
    0.20810063209689159,
    0.022240649269505544,
    0.20617079648367387,
    0.21772651938158574,
    0.025565596721265915,
    0.2026548615051846,
    0.22481898412502466,
    0.027555349516758545,
    0.19910134877594546,
    0.22899753526165462,
    0.02958381998778017,
    0.20628793181729993,
    0.21025130249315188,
    0.02010350405875625,
    0.21378017415947823,
    0.22199995371742545,
    0.025764474381212307,
    0.20942605084021515,
    0.22931746967982755,
    0.02715836877590806,
    0.20569631802478996,
    0.23347778690814566,
    0.028882930609530125,
    0.2074711131145791,
    0.21247274531777113,
    0.022347523740682492,
    0.21598187423235676,
    0.22278315251254258,
    0.027829418495619828,
    0.21298645850229647,
    0.22897134240929834,
    0.027684541035246694,
    0.21038921095502747,
    0.23240873957021957,
    0.028962990686624696,
    0.20694962466581246,
    0.21500207227926,
    0.02823260533221618,
    0.21430421019737683,
    0.22198818127656086,
    0.032405277487587446,
    0.21428965094036287,
    0.22633177751770223,
    0.031752717925893924,
    0.21375904004997615,
    0.2290272039156572,
    0.03203354317262146,
    0.2706767001506098,
    0.29952111130650155,
    0.007746269249917876,
    0.26928601742117425,
    0.29374008764422543,
    0.011915371098895398,
    0.27091881831449866,
    0.2910490122542812,
    0.014195256637345744,
    0.27309696177562315,
    0.2914060331512189,
    0.016093595748665285,
    0.27578993047281275,
    0.29333731375663136,
    0.018188254717380482,
    0.27430143684289493,
    0.28548328655262645,
    0.014980976291032446,
    0.2792040399776385,
    0.2893685298891105,
    0.019269655946899604,
    0.2786548804939248,
    0.294090731794685,
    0.02226604127479625,
    0.27703111005216924,
    0.2964943374713597,
    0.024292365500971712,
    0.27536053369398117,
    0.28777441995325126,
    0.014578998457628183,
    0.280095023299113,
    0.29341785543365745,
    0.019560434292228097,
    0.27670912728584235,
    0.2978909990296395,
    0.020962429967073138,
    0.2733770161402347,
    0.29942477717122506,
    0.021922895767342472,
    0.2754643200207382,
    0.2915611527300644,
    0.01725739239575408,
    0.27887345158503496,
    0.2970396180566725,
    0.021886082297519045,
    0.2749215505968276,
    0.3009532777824608,
    0.020634154775458588,
    0.2716316045095589,
    0.30207263452251043,
    0.020258441695764767,
    0.27506465938148744,
    0.29604427249492626,
    0.021916447198353534,
    0.2775365792903571,
    0.3006983828457196,
    0.024261206014359347,
    0.2743222827904923,
    0.3036300644271853,
    0.022859477743006187,
    0.2713503678033515,
    0.3045385758094676,
    0.02225007791889288
  ]
}